{
  "tau": 0.48442515966893884,
  "best_tau_accuracy": 0.7077002971842464,
  "best_tau_f1": 0.5613179439329121,
  "best_tau_recall": 0.0009913270593388012,
  "best_model": "logistic"
}