{
  "tau": 0.4837394602722325,
  "features": [
    "cos_sim_neighbor_score"
  ],
  "best_model": "logistic",
  "best_tau_accuracy": 0.7065019991396607,
  "best_tau_f1": 0.5559762918213179,
  "best_tau_recall": 0.0010087444289355212
}